name;sex;live;photo;birth
James Butt;Мужчина;Orleans, New Orleans, 6649 N Blue Gum St;user_profile_photos/blank_photo.jpg;1973-11-19
Josephine Darakjy;Женщина;Livingston, Brighton, 4 B Blue Ridge Blvd;user_profile_photos/blank_photo.jpg;1994-06-12
Art Venere;Женщина;Gloucester, Bridgeport, 8 W Cerritos Ave #54;user_profile_photos/blank_photo.jpg;1992-08-31
Lenna Paprocki;Женщина;Anchorage, Anchorage, 639 Main St;user_profile_photos/blank_photo.jpg;1973-11-12
Donette Foller;Мужчина;Butler, Hamilton, 34 Center St;user_profile_photos/blank_photo.jpg;1984-05-25
Simona Morasca;Мужчина;Ashland, Ashland, 3 Mcauley Dr;user_profile_photos/blank_photo.jpg;1993-02-04
Mitsue Tollner;Мужчина;Cook, Chicago, 7 Eads St;user_profile_photos/blank_photo.jpg;1992-04-21
Leota Dilliard;Мужчина;Santa Clara, San Jose, 7 W Jackson Blvd;user_profile_photos/blank_photo.jpg;1989-08-08
Sage Wieser;Мужчина;Minnehaha, Sioux Falls, 5 Boston Ave #88;user_profile_photos/blank_photo.jpg;1987-12-24
Kris Marrier;Мужчина;Baltimore City, Baltimore, 228 Runamuck Pl #2808;user_profile_photos/blank_photo.jpg;1970-07-26
Minna Amigon;Мужчина;Montgomery, Kulpsville, 2371 Jerrold Ave;user_profile_photos/blank_photo.jpg;1982-06-03
Abel Maclead;Мужчина;Suffolk, Middle Island, 37275 St  Rt 17m M;user_profile_photos/blank_photo.jpg;1985-08-16
Kiley Caldarera;Мужчина;Los Angeles, Los Angeles, 25 E 75th St #69;user_profile_photos/blank_photo.jpg;1973-10-14
Graciela Ruta;Мужчина;Geauga, Chagrin Falls, 98 Connecticut Ave Nw;user_profile_photos/blank_photo.jpg;1986-10-27
Cammy Albares;Женщина;Webb, Laredo, 56 E Morehead St;user_profile_photos/blank_photo.jpg;1994-12-23
Mattie Poquette;Мужчина;Maricopa, Phoenix, 73 State Road 434 E;user_profile_photos/blank_photo.jpg;1985-07-13
Meaghan Garufi;Женщина;Warren, Mc Minnville, 69734 E Carrillo St;user_profile_photos/blank_photo.jpg;1990-05-11
Gladys Rim;Мужчина;Milwaukee, Milwaukee, 322 New Horizon Blvd;user_profile_photos/blank_photo.jpg;1986-08-17
Yuki Whobrey;Мужчина;Wayne, Taylor, 1 State Route 27;user_profile_photos/blank_photo.jpg;1981-04-06
Fletcher Flosi;Женщина;Winnebago, Rockford, 394 Manchester Blvd;user_profile_photos/blank_photo.jpg;1989-04-21
Bette Nicka;Мужчина;Delaware, Aston, 6 S 33rd St;user_profile_photos/blank_photo.jpg;1989-10-22
Veronika Inouye;Мужчина;Santa Clara, San Jose, 6 Greenleaf Ave;user_profile_photos/blank_photo.jpg;1990-09-16
Willard Kolmetz;Женщина;Dallas, Irving, 618 W Yakima Ave;user_profile_photos/blank_photo.jpg;1983-04-28
Maryann Royster;Мужчина;Albany, Albany, 74 S Westgate St;user_profile_photos/blank_photo.jpg;1980-06-19
Alisha Slusarski;Мужчина;Middlesex, Middlesex, 3273 State St;user_profile_photos/blank_photo.jpg;1995-11-30
Allene Iturbide;Мужчина;Portage, Stevens Point, 1 Central Ave;user_profile_photos/blank_photo.jpg;1992-07-26
Chanel Caudy;Женщина;Johnson, Shawnee, 86 Nw 66th St #8673;user_profile_photos/blank_photo.jpg;1988-10-24
Ezekiel Chui;Мужчина;Talbot, Easton, 2 Cedar Ave #84;user_profile_photos/blank_photo.jpg;1971-08-12
Willow Kusko;Мужчина;New York, New York, 90991 Thorburn Ave;user_profile_photos/blank_photo.jpg;1974-01-12
Bernardo Figeroa;Женщина;Montgomery, Conroe, 386 9th Ave N;user_profile_photos/blank_photo.jpg;1976-07-12
Ammie Corrio;Мужчина;Franklin, Columbus, 74874 Atlantic Ave;user_profile_photos/blank_photo.jpg;1994-03-04
Francine Vocelka;Мужчина;Dona Ana, Las Cruces, 366 South Dr;user_profile_photos/blank_photo.jpg;1982-12-07
Ernie Stenseth;Мужчина;Bergen, Ridgefield Park, 45 E Liberty St;user_profile_photos/blank_photo.jpg;1975-08-24
Albina Glick;Мужчина;Middlesex, Dunellen, 4 Ralph Ct;user_profile_photos/blank_photo.jpg;1986-07-11
Alishia Sergi;Мужчина;New York, New York, 2742 Distribution Way;user_profile_photos/blank_photo.jpg;1989-06-20
Solange Shinko;Мужчина;Jefferson, Metairie, 426 Wolf St;user_profile_photos/blank_photo.jpg;1975-05-04
Jose Stockham;Мужчина;New York, New York, 128 Bransten Rd;user_profile_photos/blank_photo.jpg;1991-01-05
Rozella Ostrosky;Женщина;Ventura, Camarillo, 17 Morena Blvd;user_profile_photos/blank_photo.jpg;1979-11-22
Valentine Gillian;Мужчина;Bexar, San Antonio, 775 W 17th St;user_profile_photos/blank_photo.jpg;1975-05-16
Kati Rulapaugh;Мужчина;Dickinson, Abilene, 6980 Dorsett Rd;user_profile_photos/blank_photo.jpg;1985-07-02
Youlanda Schemmer;Мужчина;Crook, Prineville, 2881 Lewis Rd;user_profile_photos/blank_photo.jpg;1979-08-15
Dyan Oldroyd;Женщина;Johnson, Overland Park, 7219 Woodfield Rd;user_profile_photos/blank_photo.jpg;1988-10-16
Roxane Campain;Женщина;Fairbanks North Star, Fairbanks, 1048 Main St;user_profile_photos/blank_photo.jpg;1970-09-28
Lavera Perin;Мужчина;Miami-Dade, Miami, 678 3rd Ave;user_profile_photos/blank_photo.jpg;1970-03-27
Erick Ferencz;Женщина;Fairbanks North Star, Fairbanks, 20 S Babcock St;user_profile_photos/blank_photo.jpg;1992-08-04
Fatima Saylors;Женщина;Hennepin, Hopkins, 2 Lighthouse Ave;user_profile_photos/blank_photo.jpg;1974-10-28
Jina Briddick;Мужчина;Suffolk, Boston, 38938 Park Blvd;user_profile_photos/blank_photo.jpg;1972-01-23
Kanisha Waycott;Мужчина;Los Angeles, Los Angeles, 5 Tomahawk Dr;user_profile_photos/blank_photo.jpg;1976-02-12
Emerson Bowley;Мужчина;Dane, Madison, 762 S Main St;user_profile_photos/blank_photo.jpg;1975-10-30
Blair Malet;Мужчина;Philadelphia, Philadelphia, 209 Decker Dr;user_profile_photos/blank_photo.jpg;1984-02-02
Brock Bolognia;Мужчина;New York, New York, 4486 W O St #1;user_profile_photos/blank_photo.jpg;1983-04-26
Lorrie Nestle;Женщина;Coffee, Tullahoma, 39 S 7th St;user_profile_photos/blank_photo.jpg;1978-07-13
Sabra Uyetake;Женщина;Richland, Columbia, 98839 Hawthorne Blvd #6101;user_profile_photos/blank_photo.jpg;1975-03-29
Marjory Mastella;Мужчина;Delaware, Wayne, 71 San Mateo Ave;user_profile_photos/blank_photo.jpg;1975-07-11
Karl Klonowski;Женщина;Hunterdon, Flemington, 76 Brooks St #9;user_profile_photos/blank_photo.jpg;1983-11-11
Tonette Wenner;Мужчина;Nassau, Westbury, 4545 Courthouse Rd;user_profile_photos/blank_photo.jpg;1977-12-28
Amber Monarrez;Мужчина;Montgomery, Jenkintown, 14288 Foster Ave #4121;user_profile_photos/blank_photo.jpg;1972-10-26
Shenika Seewald;Женщина;Los Angeles, Van Nuys, 4 Otis St;user_profile_photos/blank_photo.jpg;1983-06-11
Delmy Ahle;Мужчина;Providence, Providence, 65895 S 16th St;user_profile_photos/blank_photo.jpg;1983-03-24
Deeanna Juhas;Мужчина;Montgomery, Huntingdon Valley, 14302 Pennsylvania Ave;user_profile_photos/blank_photo.jpg;1989-06-24
Blondell Pugh;Мужчина;Providence, Providence, 201 Hawk Ct;user_profile_photos/blank_photo.jpg;1981-04-08
Jamal Vanausdal;Мужчина;Middlesex, Monroe Township, 53075 Sw 152nd Ter #615;user_profile_photos/blank_photo.jpg;1986-03-04
Cecily Hollack;Мужчина;Travis, Austin, 59 N Groesbeck Hwy;user_profile_photos/blank_photo.jpg;1983-05-20
Carmelina Lindall;Мужчина;Douglas, Littleton, 2664 Lewis Rd;user_profile_photos/blank_photo.jpg;1972-07-20
Maurine Yglesias;Мужчина;Milwaukee, Milwaukee, 59 Shady Ln #53;user_profile_photos/blank_photo.jpg;1981-04-03
Tawna Buvens;Мужчина;New York, New York, 3305 Nabell Ave #679;user_profile_photos/blank_photo.jpg;1992-10-11
Penney Weight;Женщина;Anchorage, Anchorage, 18 Fountain St;user_profile_photos/blank_photo.jpg;1990-10-15
Elly Morocco;Женщина;Erie, Erie, 7 W 32nd St;user_profile_photos/blank_photo.jpg;1989-04-30
Ilene Eroman;Мужчина;Anne Arundel, Glen Burnie, 2853 S Central Expy;user_profile_photos/blank_photo.jpg;1970-12-03
Vallie Mondella;Мужчина;Ada, Boise, 74 W College St;user_profile_photos/blank_photo.jpg;1980-01-30
Kallie Blackwood;Мужчина;San Francisco, San Francisco, 701 S Harrison Rd;user_profile_photos/blank_photo.jpg;1975-01-27
Johnetta Abdallah;Женщина;Orange, Chapel Hill, 1088 Pinehurst St;user_profile_photos/blank_photo.jpg;1983-11-16
Bobbye Rhym;Мужчина;San Mateo, San Carlos, 30 W 80th St #1995;user_profile_photos/blank_photo.jpg;1983-07-19
Micaela Rhymes;Женщина;Contra Costa, Concord, 20932 Hedley St;user_profile_photos/blank_photo.jpg;1977-03-31
Tamar Hoogland;Мужчина;Madison, London, 2737 Pistorio Rd #9230;user_profile_photos/blank_photo.jpg;1978-06-05
Moon Parlato;Мужчина;Allegany, Wellsville, 74989 Brandon St;user_profile_photos/blank_photo.jpg;1981-12-23
Laurel Reitler;Мужчина;Baltimore City, Baltimore, 6 Kains Ave;user_profile_photos/blank_photo.jpg;1974-11-11
Delisa Crupi;Женщина;Essex, Newark, 47565 W Grand Ave;user_profile_photos/blank_photo.jpg;1993-10-18
Viva Toelkes;Мужчина;Cook, Chicago, 4284 Dorigo Ln;user_profile_photos/blank_photo.jpg;1976-11-23
Elza Lipke;Женщина;Essex, Newark, 6794 Lake Dr E;user_profile_photos/blank_photo.jpg;1970-01-11
Devorah Chickering;Мужчина;Curry, Clovis, 31 Douglas Blvd #950;user_profile_photos/blank_photo.jpg;1986-03-08
Timothy Mulqueen;Мужчина;Richmond, Staten Island, 44 W 4th St;user_profile_photos/blank_photo.jpg;1995-03-09
Arlette Honeywell;Женщина;Duval, Jacksonville, 11279 Loytan St;user_profile_photos/blank_photo.jpg;1984-01-26
Dominque Dickerson;Мужчина;Alameda, Hayward, 69 Marquette Ave;user_profile_photos/blank_photo.jpg;1993-11-03
Lettie Isenhower;Мужчина;Cuyahoga, Beachwood, 70 W Main St;user_profile_photos/blank_photo.jpg;1983-01-25
Myra Munns;Женщина;Tarrant, Euless, 461 Prospect Pl #316;user_profile_photos/blank_photo.jpg;1995-06-03
Stephaine Barfield;Мужчина;Los Angeles, Gardena, 47154 Whipple Ave Nw;user_profile_photos/blank_photo.jpg;1983-02-22
Lai Gato;Женщина;Cook, Evanston, 37 Alabama Ave;user_profile_photos/blank_photo.jpg;1988-05-17
Stephen Emigh;Мужчина;Summit, Akron, 3777 E Richmond St #900;user_profile_photos/blank_photo.jpg;1995-03-07
Tyra Shields;Мужчина;Philadelphia, Philadelphia, 3 Fort Worth Ave;user_profile_photos/blank_photo.jpg;1995-07-17
Tammara Wardrip;Мужчина;San Mateo, Burlingame, 4800 Black Horse Pike;user_profile_photos/blank_photo.jpg;1973-04-08
Cory Gibes;Мужчина;Los Angeles, San Gabriel, 83649 W Belmont Ave;user_profile_photos/blank_photo.jpg;1971-09-26
Danica Bruschke;Мужчина;McLennan, Waco, 840 15th Ave;user_profile_photos/blank_photo.jpg;1986-02-19
Wilda Giguere;Женщина;Anchorage, Anchorage, 1747 Calle Amanecer #2;user_profile_photos/blank_photo.jpg;1979-12-09
Elvera Benimadho;Мужчина;Santa Clara, San Jose, 99385 Charity St #840;user_profile_photos/blank_photo.jpg;1979-04-18
Carma Vanheusen;Мужчина;Alameda, San Leandro, 68556 Central Hwy;user_profile_photos/blank_photo.jpg;1980-10-09
Malinda Hochard;Мужчина;Marion, Indianapolis, 55 Riverside Ave;user_profile_photos/blank_photo.jpg;1994-12-18
Natalie Fern;Мужчина;Sweetwater, Rock Springs, 7140 University Ave;user_profile_photos/blank_photo.jpg;1994-01-29
Lisha Centini;Мужчина;Fairfax, Mc Lean, 64 5th Ave #1153;user_profile_photos/blank_photo.jpg;1980-12-26
