user_id;mail_address;mail_type
1;jbutt@gmail.com;Личная
2;josephine_darakjy@darakjy.org;Рабочая
3;art@venere.org;Рабочая
4;lpaprocki@hotmail.com;Личная
5;donette.foller@cox.net;Рабочая
6;simona@morasca.com;Личная
7;mitsue_tollner@yahoo.com;Личная
8;leota@hotmail.com;Личная
9;sage_wieser@cox.net;Рабочая
10;kris@gmail.com;Личная
11;minna_amigon@yahoo.com;Личная
12;amaclead@gmail.com;Личная
13;kiley.caldarera@aol.com;Личная
14;gruta@cox.net;Рабочая
15;calbares@gmail.com;Личная
16;mattie@aol.com;Личная
17;meaghan@hotmail.com;Личная
18;gladys.rim@rim.org;Рабочая
19;yuki_whobrey@aol.com;Личная
20;fletcher.flosi@yahoo.com;Личная
21;bette_nicka@cox.net;Рабочая
22;vinouye@aol.com;Личная
23;willard@hotmail.com;Личная
24;mroyster@royster.com;Личная
25;alisha@slusarski.com;Личная
26;allene_iturbide@cox.net;Рабочая
27;chanel.caudy@caudy.org;Рабочая
28;ezekiel@chui.com;Личная
29;wkusko@yahoo.com;Личная
30;bfigeroa@aol.com;Личная
31;ammie@corrio.com;Личная
32;francine_vocelka@vocelka.com;Личная
33;ernie_stenseth@aol.com;Личная
34;albina@glick.com;Личная
35;asergi@gmail.com;Личная
36;solange@shinko.com;Личная
37;jose@yahoo.com;Личная
38;rozella.ostrosky@ostrosky.com;Личная
39;valentine_gillian@gmail.com;Личная
40;kati.rulapaugh@hotmail.com;Личная
41;youlanda@aol.com;Личная
42;doldroyd@aol.com;Личная
43;roxane@hotmail.com;Личная
44;lperin@perin.org;Рабочая
45;erick.ferencz@aol.com;Личная
46;fsaylors@saylors.org;Рабочая
47;jina_briddick@briddick.com;Личная
48;kanisha_waycott@yahoo.com;Личная
49;emerson.bowley@bowley.org;Рабочая
50;bmalet@yahoo.com;Личная
51;bbolognia@yahoo.com;Личная
52;lnestle@hotmail.com;Личная
53;sabra@uyetake.org;Рабочая
54;mmastella@mastella.com;Личная
55;karl_klonowski@yahoo.com;Личная
56;twenner@aol.com;Личная
57;amber_monarrez@monarrez.org;Рабочая
58;shenika@gmail.com;Личная
59;delmy.ahle@hotmail.com;Личная
60;deeanna_juhas@gmail.com;Личная
61;bpugh@aol.com;Личная
62;jamal@vanausdal.org;Рабочая
63;cecily@hollack.org;Рабочая
64;carmelina_lindall@lindall.com;Личная
65;maurine_yglesias@yglesias.com;Личная
66;tawna@gmail.com;Личная
67;penney_weight@aol.com;Личная
68;elly_morocco@gmail.com;Личная
69;ilene.eroman@hotmail.com;Личная
70;vmondella@mondella.com;Личная
71;kallie.blackwood@gmail.com;Личная
72;johnetta_abdallah@aol.com;Личная
73;brhym@rhym.com;Личная
74;micaela_rhymes@gmail.com;Личная
75;tamar@hotmail.com;Личная
76;moon@yahoo.com;Личная
77;laurel_reitler@reitler.com;Личная
78;delisa.crupi@crupi.com;Личная
79;viva.toelkes@gmail.com;Личная
80;elza@yahoo.com;Личная
81;devorah@hotmail.com;Личная
82;timothy_mulqueen@mulqueen.org;Рабочая
83;ahoneywell@honeywell.com;Личная
84;dominque.dickerson@dickerson.org;Рабочая
85;lettie_isenhower@yahoo.com;Личная
86;mmunns@cox.net;Рабочая
87;stephaine@barfield.com;Личная
88;lai.gato@gato.org;Рабочая
89;stephen_emigh@hotmail.com;Личная
90;tshields@gmail.com;Личная
91;twardrip@cox.net;Рабочая
92;cory.gibes@gmail.com;Личная
93;danica_bruschke@gmail.com;Личная
94;wilda@cox.net;Рабочая
95;elvera.benimadho@cox.net;Рабочая
96;carma@cox.net;Рабочая
97;malinda.hochard@yahoo.com;Личная
98;natalie.fern@hotmail.com;Личная
99;lisha@centini.org;Рабочая
